author,title
강경애,간도를_등지면서-동광
강경애,간도야_잘_있거라-동광
강경애,간도의_봄-동아일보
강경애,검둥이-삼천리
강경애,기억에_남은_몽금포_-여성
강경애,나의_유년시절-신동아
강경애,동정-청년조선
강경애,두만강_예찬-신동아
강경애,마약-여성
강경애,번뇌-신동아
강경애,봄을_맞는_우리집_창문-삼천리
강경애,부자-제일선
강경애,불타산_C군에게-동아일보
강경애,산남-신동아
강경애,소금-신가정
강경애,어둠-여성
강경애,어머니와_딸_-혜성
강경애,여름_밤_노촌의_풍경점점-신가정
강경애,원고료_이백원-신가정
강경애,월사금-신동아
강경애,인간문제-동아일보
강경애,지하촌-조선일보
강경애,채전-신동아
강경애,축구전 (1933년)
강경애,파금-조선일보
강경애,표모의_마음-신가정
강경애,해고-신동아
계용묵,구두
계용묵,물매미
계용묵,백치(白痴) 아다다
계용묵,설수집(屑穗集)
계용묵,율정기(栗停記)
계용묵,이불
계용묵,장벽(障壁)
계용묵,편지를 쓰는 요령
고석규,문학적 아이로니
고한승,여우와 고양이
권구현,인육시장(人肉市場)의점경(點景)
권구현,폐물(廢物)
권환,시와판타지
김교신,그리스도를외치련다-성서조선-224
김교신,희망이어디있나-성서조선-398
김남천,[인간 수업]독후감
김남천,나는파리입니다
김남천,남매
김남천,대하
김남천,물 (1933년)
김남천,민족 대서사시의 영웅적 주인공 박헌영 선생
김남천,세태.풍속묘사기타
김남천,이리
김내성,마인(2)
김내성,백조의곡(상)
김내성,실락원의별(상)
김내성,실락원의별(중)
김내성,실락원의별(하)
김내성,애인(하)
김내성,청춘극장(중)
김내성,청춘극장(하)
김동인,가신_어머님-조광
김동인,감자-조선문단
김동인,거지-삼천리
김동인,결혼식-동광
김동인,광염_소나타-중외일보
김동인,김덕수-대조
김동인,김연실전-문장
김동인,눈을 겨우 뜰 때 (1923년)
김동인,동업자[눈보라]-동아일보
김동인,명문-개벽
김동인,무능자의_아내-조선일보
김동인,발가락이_닮았다-동광
김동인,배따라기-창조
김동인,붉은_산-삼천리
김동인,서라벌
김동인,소설작법
김동인,속_망국인기-백민
김동인,송첨지-백민
김동인,수평선_너머로-매일신보
김동인,식철수(食鐵獸)─항전(巷傳)에 의함
김동인,신앙으로-조선일보
김동인,아라사버들[포플라]-신소설
김동인,약한_자의_슬픔-창조
김동인,어머니_[곰네]-춘추
김동인,유서-영대
김동인,자기의_창조한_세계-창조
김동인,젊은_용사들-소년
김동인,젊은그들
김동인,주춧돌-평화일보
김동인,태형-동명
김동인,학병수첩-태양신문
김동인,해는지평선에
김동인,K박사의_연구-신소설
김명순,의심의_소녀-청춘
김사량,유치장에서 만난 사나이 (1940년)
김상용,안해를 위하야
김유정,가을-사해공론
김유정,금
김유정,金따는_콩밧-개벽
김유정,노다지-조선중앙일보
김유정,동백꽃-조광
김유정,두꺼비-시와소설
김유정,두포전
김유정,땡볕-여성
김유정,떡-중앙
김유정,만무방-조선일보
김유정,봄·봄-조광
김유정,산골-조선문단
김유정,산ㅅ골나그내_1933-제일선
김유정,生의_伴侶
김유정,소낙비
김유정,솟-매일신보
김유정,안해-사해공론
김유정,이런音樂會-중앙
김유정,정분-조광
김유정,총각과 맹꽁이(1933년 9월)
김정진,독와사
김해경,날개-조광
김해경,봉별기
김해경,실화(失花)-문장
김해경,지팽이_역사(轢死)-월간매신
나경손,그믐달-조선문단
나경손,물레방아-조선문단
나경손,벙어리_삼룡이-여명
나경손,옛날_꿈은_창백하더이다-개벽
나경손,지형근-조선문단
나도향,벽파상에일엽주
나도향,별을안거든울지나말걸
나도향,뽕
나도향,속모르는만년필장사
나혜석,경희 (1918)
나혜석,구미_부인의_가정생활-중앙
나혜석,이태리_미술기행-삼천리
나혜석,정열의_서반아행-삼천리
나혜석,파리의_어머니날-신가정
나혜석,玄淑(현숙)-삼천리
나혜석,회생한 손녀에게 (1918)
노자영,동경시대(2)
노자영,이질
박인환,버지니아울프인물과작품
박인환,사르트르의실존주의
박인환,산고중의한국영화들춘향전의영향
박인환,테네시윌리엄스잡기그의작품세계를이해하는길
박인환,회상의명화선(무성영화~)
박인환,회상의명화선(토키시대~)
방정환,4월_그믐날_밤(1924)-어린이
방정환,4월에피는꽃물망초이야기
방정환,개구리왕자(1924)-어린이
방정환,궁금풀이
방정환,귀먹은_집오리(1925)-어린이
방정환,금도끼(1924)-어린이
방정환,금시계-어린이
방정환,까치의_옷(1925)-어린이
방정환,꽃속의작은이
방정환,나비의_꿈(1923)-어린이
방정환,나의어릴때이야기
방정환,난파선
방정환,눈물의모자값
방정환,대실패담
방정환,동무의정
방정환,동생을_찾아서(1925)-어린이
방정환,마음의꽃
방정환,막보의_큰_상자(1924)-어린이
방정환,만년셔츠
방정환,문학자(文學者)의사랑
방정환,미련이_나라-어린이
방정환,바람과번갯불
방정환,방귀출신_최덜렁-어린이
방정환,산드룡의유리구두
방정환,삼부자의_곰잡기(1930)-어린이
방정환,삼태성(1924)-어린이
방정환,새해의첫아침
방정환,설떡_술떡-어린이
방정환,슬기로운왕
방정환,시간값
방정환,시골쥐_서울_구경(1926)-어린이
방정환,알렉산더그레이엄벨
방정환,알리바바와도둑
방정환,어린음악가
방정환,왕자와제비
방정환,요술왕아아
방정환,웃음의철학(哲學)
방정환,의좋은형제
방정환,이상한_샘물(1923)-어린이
방정환,작가로서의포부
방정환,잠자는왕녀
방정환,재미있고유익한가을놀이몇가지
방정환,제일짧은동화
방정환,참된동정
방정환,천공의용소년
방정환,천당(天堂)가는길
방정환,천사
방정환,천일야화
방정환,첫가을
방정환,칠칠단의_비밀(1926-7)-어린이
방정환,털보_장사-개벽
방정환,하메른의_쥐난리(1926)-어린이
방정환,한네레의죽음
방정환,해녀이야기
방정환,호수의여왕
방정환,황금거위
방정환,흘러간삼남매
백신애,가지말게 (1937년)
백신애,광인수기-조선일보
백신애,꺼래이-신여성
백신애,나의시베리아방랑기
백신애,멀리간동무
백신애,적빈
백신애,종달새
수필,나비
수필,여름밤
수필,해변단상
신채호,백세노승의미인담
신채호,용과용의대격전
심대섭,몽유병자의_일기-문예시대
심대섭,무딘연장과_녹이_슬은_무기_-_언어와_문장에_관한_우감-동아일보
심대섭,상록수-동아일보
심대섭,황공의_최후-신동아
심훈,은하를 건너서
심훈,혼선
안국선,공진회-수문관
안국선,연설법방
안석주,아카시아-조선일보
안석주,허무러진_화원-문장_임시증간
여운형,나의결혼주례기
연성흠,가난의설움-1
연성흠,먹으면죽는사탕-3
연성흠,양만춘장군-5
오장환,그들의 형제
오장환,백석론(白石論)
윤백남,우연의기적
이광수,그여자의일생-방랑편
이광수,그여자의일생(상편)-연애편
이광수,그여자의일생(하편)-회광편
이광수,모르는 여인 (1936년)
이광수,"무명(無明, 1939년)"
이광수,"사랑인가(愛か, 일본어, 1909년)"
이광수,연분
이광수,재생-하편
이무영,기차와박노인
이무영,며느리
이무영,산가
이무영,젊은사람들
이무영,죄와벌
이병각,눈물의_열차-조선중앙일보
이상,"객혈의 아침 (1976년, 일문)"
이상,권태
이상,김기림에게·7
이상,김유정
이상,동경
이상,슬픈이야기
이상,"애야 (1966년, 일문)"
이상,여동생김옥희에게
이상,이아해들에게장난감을주라
이상,첫번째방랑
이상,최저낙원
이상,혈서삼태
이익상,남극의가을밤
이익상,옛보금자리로
이인직,귀의_성
이효석,개살구
이효석,기우(奇遇)
이효석,누구의죄
이효석,도시와_유령(幽靈)
이효석,모밀꽃_필_무렵
이효석,미른의_아침
이효석,벽공무한
이효석,산
이효석,석류
이효석,성화
이효석,수선화
이효석,유경식보
이효석,인간산문
이효석,풀닢
이효석,하얼빈((합이빈)哈爾賓)
이효석,화분
임화,세태소설론
정인택,촉루
지하련,도정
차상찬,명복홍계관
채만식,과도기
채만식,넌센스인간
채만식,논이야기
채만식,도야지-문장
채만식,레디메이드_인생-신동아
채만식,맹순사-백민
채만식,명일-조광
채만식,미스터_방(方)-대조
채만식,민족의_죄인-백민
채만식,병이_낫거든-조광
채만식,병조와_영복이-별건곤
채만식,보리방아-조선일보
채만식,불효자식-조선문단
채만식,사호일단-문장
채만식,산적-별건곤
채만식,생명의_유희
채만식,세길로-조선문단
채만식,소년은자란다
채만식,소망-조광
채만식,소설가는이렇게생각한다
채만식,심봉사-신시대
채만식,아름다운새벽
채만식,아시아의_운명
채만식,앙탈-신소설
채만식,얼어죽은_모나리자-사해공론
채만식,여름도시밤ETC
채만식,여인전기
채만식,역로-신문학
채만식,염마
채만식,옥랑사
채만식,왕치와_소새와_개미와-문장
채만식,이상한_선생님-어린이나라
채만식,인형의집을나와서
채만식,창백한_얼굴들-혜성
채만식,치숙_痴叔-동아일보
채만식,탁류_濁流-조선일보
채만식,탁류의계봉
채만식,태평천하
채만식,허생전
최남선,도깨비이야기
최병화,경희의빈도시락-1
최병화,꽃피는마음-3
최병화,진달래꽃필때-13
최서해,매월 (1924년)
최학송,가난한_아내-조선지광
최학송,가을을_맞으며-동아일보
최학송,가을의_마음-동아일보
최학송,기아와_살육(殺戮)-조선문단
최학송,누이동생을_따라-신민
최학송,아내의_자는_얼굴-조선지광
최학송,팔개월-동광
최학송,향수-동아일보
한용운,결혼(結婚)
한용운,"후해 (1936년, 미완)"
한인택,귀가(歸家)
한인택,월미도
한인택,추억(追憶)
한인택,탈출(脫出)
한인택,퇴사(退社)
현진건,가을의하롯밤
현진건,고도순시_경주-동아일보
현진건,고향-조선의_얼굴
현진건,그리운_흘긴_눈-폐허이후
현진건,까막잡기-개벽
현진건,나들이
현진건,동정-조선의얼굴
현진건,무명영웅
현진건,무영탑
현진건,빈처(貧妻)-개벽
현진건,사립_정신병원장-개벽
현진건,서투른_도적-삼천리
현진건,석죽화(石竹花)
현진건,신문지와_철장-문예공론
현진건,여름과맨발
현진건,연애의_청산-신동아
현진건,영춘류
현진건,운수_좋은_날+B3356-개벽
현진건,장주와_프랑스-박문
현진건,재활
현진건,적도
현진건,정조와_약가-신소설
현진건,조국
현진건,지새는 안개
현진건,첫날밤
현진건,타락자
현진건,피아노-개벽
현진건,할머니의_죽음-백조
현진건,행복
현진건,흑치상지
현진건,희생화-개벽
현진건,B사감과_러브레터-조선문단
홍난파,동서양음악의 비교
홍난파,종아리맞은이야기-장꼬로그리고
홍난파,째즈음악에대하여
홍난파,허영
홍사용,뺑덕이네-매일신보